Dabur amla,Personal care,180ml,150
Bajaj almond drops,Personal care,200ml,125
Colgate,Personal care,200 gm,95
Sensodyne,Personal care,40gm,70
lux,Personal care,100 gm,20
Margo,Personal care,500 gm set of 5,120
Pears,Personal care,60 gm,20
Hair and Care,Personal care,100 ml,60
life bouy hand wash,Personal care,190 ml,85
Dettol Soap,Personal care,set of 4 300gm,96
,,,
,,,
Tide surf,Cleaning and house hold,1 kg,106
Tide surf,Cleaning and house hold,500 gm,53
Surf Excel surf,Cleaning and house hold,500 gm,56
Ghadi Surf,Cleaning and house hold,500 gm,54
Harpic,Cleaning and house hold,500 gm,86
Wheel surf,Cleaning and house hold,1 kg,52
cumfort,Cleaning and house hold,220 ml,55
rin Surf,Cleaning and house hold,1 kg,77
Colin,Cleaning and house hold,1 ltr,88
Odonil,Cleaning and house hold,50 gm,47
Phenyle,Cleaning and house hold,450 ml,60
Ujala,Cleaning and house hold,250 ml,65
Fena,Cleaning and house hold,750 gm,38
Surf Excel soap,Cleaning and house hold,150 gm,16
gold mohar soap,Cleaning and house hold,set of 4,40
Tide soap,Cleaning and house hold,125 gm,10
,,,
,,,
,,,
,,,
,,,
vicks,Health and Medicine,5 gm,19
Sugar free,Health and Medicine,100 gm,40
Iodex,Health and Medicine,8 gm,35
Horlicks,Health and Medicine,1 kg,444
Dabur chywanpras,Health and Medicine,500 gm,95
,,,
,,,
,,,
,,,
,,,
,,,
,,,
Kishmish,Ready to Eat And Nuts,250 gm,100
,,,
Gadi,Ready to Eat And Nuts,70gm,18
Baadam,Ready to Eat And Nuts,250 gm,175
Maggie,Ready to Eat And Nuts,420 gm,68
Tomato red souce,Ready to Eat And Nuts,200 gm,60
,,,
,,,
,,,
,,,
Kurkure,Snacks and Breakfast,95 gm,20
Chocopie,Snacks and Breakfast,pack of 18,180
Dark Fantasy,Snacks and Breakfast,75 gm,30
Snakkers,Snacks and Breakfast,19 gm,5
kitkat,Snacks and Breakfast,27 gm,20
Hide&seek,Snacks and Breakfast,120 gm,30
lays,Snacks and Breakfast,95 gm,20
Corn Flakes ,Snacks and Breakfast,290 gm,98